<?xml version="1.0" encoding="Windows-1252"?>
<droneEventsLogger xmlns:xsi="http://www.w3.org/2001/XMLSchema-instance" xmlns:xsd="http://www.w3.org/2001/XMLSchema">
  <logs>
    <droneEventLogEntry>
      <entryType>object Detected</entryType>
      <position>
        <x>-30</x>
        <y>1</y>
        <z>30</z>
      </position>
      <rotation>
        <x>270</x>
        <y>315</y>
        <z>0</z>
      </rotation>
      <time>0</time>
      <cmd>setSpeed 10</cmd>
      <velocity>
        <x>0</x>
        <y>0</y>
        <z>0</z>
      </velocity>
      <relativeVelocity>
        <x>0</x>
        <y>0</y>
        <z>0</z>
      </relativeVelocity>
      <otherName>Plane</otherName>
    </droneEventLogEntry>
    <droneEventLogEntry>
      <entryType>object out of range</entryType>
      <position>
        <x>-30.0001659</x>
        <y>10.11673</y>
        <z>29.993475</z>
      </position>
      <rotation>
        <x>270</x>
        <y>315</y>
        <z>0</z>
      </rotation>
      <time>0.919999957</time>
      <cmd>move  y200</cmd>
      <velocity>
        <x>-7.662389E-05</x>
        <y>9.852867</y>
        <z>-0.0031999615</z>
      </velocity>
      <relativeVelocity>
        <x>0</x>
        <y>0</y>
        <z>0</z>
      </relativeVelocity>
      <otherName>Plane</otherName>
    </droneEventLogEntry>
    <droneEventLogEntry>
      <entryType>new message recived </entryType>
      <position>
        <x>-13.1530256</x>
        <y>200.246857</y>
        <z>14.52441</z>
      </position>
      <rotation>
        <x>270</x>
        <y>315</y>
        <z>0</z>
      </rotation>
      <time>20.9399986</time>
      <cmd>move x22.1213 z-17.8787</cmd>
      <velocity>
        <x>11.9534473</x>
        <y>-0.0128945271</y>
        <z>-10.9804173</z>
      </velocity>
      <relativeVelocity>
        <x>0</x>
        <y>0</y>
        <z>0</z>
      </relativeVelocity>
      <otherName>drone 0</otherName>
      <otherCmd>move z7.0711 x7.0711</otherCmd>
      <info>move z7.0711 x7.0711</info>
    </droneEventLogEntry>
    <droneEventLogEntry>
      <entryType>object Detected</entryType>
      <position>
        <x>-13.1530256</x>
        <y>200.246857</y>
        <z>14.52441</z>
      </position>
      <rotation>
        <x>270</x>
        <y>315</y>
        <z>0</z>
      </rotation>
      <time>20.9399986</time>
      <cmd>move x22.1213 z-17.8787</cmd>
      <velocity>
        <x>11.9534473</x>
        <y>-0.0128945271</y>
        <z>-10.9804173</z>
      </velocity>
      <relativeVelocity>
        <x>0</x>
        <y>0</y>
        <z>0</z>
      </relativeVelocity>
      <otherName>drone 0</otherName>
      <otherCmd>move z7.0711 x7.0711</otherCmd>
    </droneEventLogEntry>
    <droneEventLogEntry>
      <entryType>new message sent </entryType>
      <position>
        <x>-13.1530256</x>
        <y>200.246857</y>
        <z>14.52441</z>
      </position>
      <rotation>
        <x>270</x>
        <y>315</y>
        <z>0</z>
      </rotation>
      <time>20.9399986</time>
      <cmd>move x22.1213 z-17.8787</cmd>
      <velocity>
        <x>11.9534473</x>
        <y>-0.0128945271</y>
        <z>-10.9804173</z>
      </velocity>
      <relativeVelocity>
        <x>0</x>
        <y>0</y>
        <z>0</z>
      </relativeVelocity>
      <otherName>drone 0</otherName>
      <otherCmd>move z7.0711 x7.0711</otherCmd>
      <info>move x22.1213 z-17.8787</info>
    </droneEventLogEntry>
    <droneEventLogEntry>
      <entryType>object Detected</entryType>
      <position>
        <x>-11.72318</x>
        <y>200.244278</y>
        <z>13.2109556</z>
      </position>
      <rotation>
        <x>270</x>
        <y>315</y>
        <z>0</z>
      </rotation>
      <time>21.06</time>
      <cmd>move x22.1213 z-17.8787</cmd>
      <velocity>
        <x>11.8815365</x>
        <y>-0.027364511</y>
        <z>-10.9143639</z>
      </velocity>
      <relativeVelocity>
        <x>0</x>
        <y>0</y>
        <z>0</z>
      </relativeVelocity>
      <otherName>drone 2</otherName>
      <otherCmd>move  z0 x7.7071</otherCmd>
    </droneEventLogEntry>
    <droneEventLogEntry>
      <entryType>new message sent </entryType>
      <position>
        <x>-11.72318</x>
        <y>200.244278</y>
        <z>13.2109556</z>
      </position>
      <rotation>
        <x>270</x>
        <y>315</y>
        <z>0</z>
      </rotation>
      <time>21.06</time>
      <cmd>move x22.1213 z-17.8787</cmd>
      <velocity>
        <x>11.8815365</x>
        <y>-0.027364511</y>
        <z>-10.9143639</z>
      </velocity>
      <relativeVelocity>
        <x>0</x>
        <y>0</y>
        <z>0</z>
      </relativeVelocity>
      <otherName>drone 2</otherName>
      <otherCmd>move  z0 x7.7071</otherCmd>
      <info>move x22.1213 z-17.8787</info>
    </droneEventLogEntry>
    <droneEventLogEntry>
      <entryType>new message recived </entryType>
      <position>
        <x>-11.72318</x>
        <y>200.244278</y>
        <z>13.2109556</z>
      </position>
      <rotation>
        <x>270</x>
        <y>315</y>
        <z>0</z>
      </rotation>
      <time>21.06</time>
      <cmd>move x22.1213 z-17.8787</cmd>
      <velocity>
        <x>11.8815365</x>
        <y>-0.027364511</y>
        <z>-10.9143639</z>
      </velocity>
      <relativeVelocity>
        <x>0</x>
        <y>0</y>
        <z>0</z>
      </relativeVelocity>
      <otherName>drone 2</otherName>
      <otherCmd>move  z0 x7.7071</otherCmd>
      <info>move  z0 x7.7071</info>
    </droneEventLogEntry>
    <droneEventLogEntry>
      <entryType>object out of range</entryType>
      <position>
        <x>9.650619</x>
        <y>200.057358</y>
        <z>-6.423058</z>
      </position>
      <rotation>
        <x>270</x>
        <y>315</y>
        <z>0</z>
      </rotation>
      <time>23.3</time>
      <cmd>move x22.1213 z-17.8787</cmd>
      <velocity>
        <x>6.666003</x>
        <y>-0.09322382</y>
        <z>-6.123419</z>
      </velocity>
      <relativeVelocity>
        <x>0</x>
        <y>0</y>
        <z>0</z>
      </relativeVelocity>
      <otherName>drone 0</otherName>
      <otherCmd>move z7.0711 x7.0711</otherCmd>
    </droneEventLogEntry>
    <droneEventLogEntry>
      <entryType>object out of range</entryType>
      <position>
        <x>9.650619</x>
        <y>200.057358</y>
        <z>-6.423058</z>
      </position>
      <rotation>
        <x>270</x>
        <y>315</y>
        <z>0</z>
      </rotation>
      <time>23.3</time>
      <cmd>move x22.1213 z-17.8787</cmd>
      <velocity>
        <x>6.666003</x>
        <y>-0.09322382</y>
        <z>-6.123419</z>
      </velocity>
      <relativeVelocity>
        <x>0</x>
        <y>0</y>
        <z>0</z>
      </relativeVelocity>
      <otherName>drone 0</otherName>
      <otherCmd>move z7.0711 x7.0711</otherCmd>
    </droneEventLogEntry>
    <droneEventLogEntry>
      <entryType>object out of range</entryType>
      <position>
        <x>12.8708086</x>
        <y>200.009689</y>
        <z>-9.381144</z>
      </position>
      <rotation>
        <x>270</x>
        <y>315</y>
        <z>0</z>
      </rotation>
      <time>23.84</time>
      <cmd>move x22.1213 z-17.8787</cmd>
      <velocity>
        <x>5.334986</x>
        <y>-0.08333664</y>
        <z>-4.900743</z>
      </velocity>
      <relativeVelocity>
        <x>0</x>
        <y>0</y>
        <z>0</z>
      </relativeVelocity>
      <otherName>drone 2</otherName>
      <otherCmd>move  z0 x7.7071</otherCmd>
    </droneEventLogEntry>
    <droneEventLogEntry>
      <entryType>object out of range</entryType>
      <position>
        <x>12.8708086</x>
        <y>200.009689</y>
        <z>-9.381144</z>
      </position>
      <rotation>
        <x>270</x>
        <y>315</y>
        <z>0</z>
      </rotation>
      <time>23.84</time>
      <cmd>move x22.1213 z-17.8787</cmd>
      <velocity>
        <x>5.334986</x>
        <y>-0.08333664</y>
        <z>-4.900743</z>
      </velocity>
      <relativeVelocity>
        <x>0</x>
        <y>0</y>
        <z>0</z>
      </relativeVelocity>
      <otherName>drone 2</otherName>
      <otherCmd>move  z0 x7.7071</otherCmd>
    </droneEventLogEntry>
    <droneEventLogEntry>
      <entryType>object out of range</entryType>
      <position>
        <x>16.1334686</x>
        <y>199.9555</y>
        <z>-12.37824</z>
      </position>
      <rotation>
        <x>270</x>
        <y>315</y>
        <z>0</z>
      </rotation>
      <time>24.56</time>
      <cmd>move x22.1213 z-17.8787</cmd>
      <velocity>
        <x>3.82352614</x>
        <y>-0.06740369</y>
        <z>-3.512312</z>
      </velocity>
      <relativeVelocity>
        <x>0</x>
        <y>0</y>
        <z>0</z>
      </relativeVelocity>
      <otherName>drone 0</otherName>
      <otherCmd>move z7.0711 x7.0711</otherCmd>
    </droneEventLogEntry>
    <droneEventLogEntry>
      <entryType>object out of range</entryType>
      <position>
        <x>19.9086285</x>
        <y>199.8825</y>
        <z>-15.8461237</z>
      </position>
      <rotation>
        <x>270</x>
        <y>315</y>
        <z>0</z>
      </rotation>
      <time>25.96</time>
      <cmd>move x22.1213 z-17.8787</cmd>
      <velocity>
        <x>1.7872206</x>
        <y>-0.0385157354</y>
        <z>-1.64175344</z>
      </velocity>
      <relativeVelocity>
        <x>0</x>
        <y>0</y>
        <z>0</z>
      </relativeVelocity>
      <otherName>drone 2</otherName>
      <otherCmd>move  z0 x7.7071</otherCmd>
    </droneEventLogEntry>
  </logs>
</droneEventsLogger>